label,word
0,子
1,幕
2,收
3,丝
4,夺
5,蔓
6,投
7,蛤
8,枪
9,沾
10,赊
11,邀
12,安
13,找
14,耿
15,野
16,换
17,取
18,琼
19,菩
20,碎
21,兹
22,铸
23,担
24,脾
25,梳
26,瞬
27,杖
28,幸
29,苹
30,狐
31,谯
32,泊
33,苧
34,绶
35,掐
36,葆
37,缓
38,应
39,榴
40,南
41,帝
42,认
43,化
44,圣
45,鹂
46,社
47,继
48,良
49,骢
50,裹
51,唧
52,稻
53,噀
54,掉
55,徵
56,莹
57,惶
58,班
59,冥
60,遽
61,隋
62,仰
63,归
64,禅
65,租
66,—
67,萧
68,抬
69,断
70,赖
71,诉
72,溥
73,镃
74,磨
75,逍
76,竹
77,凳
78,萸
79,花
80,径
81,态
82,切
83,暖
84,壕
85,霓
86,影
87,恶
88,匣
89,舌
90,徽
91,鹈
92,插
93,庇
94,垒
95,唇
96,碛
97,游
98,水
99,致
100,助
101,恐
102,钗
103,结
104,都
105,埃
106,哎
107,录
108,街
109,笨
110,门
111,第
112,笺
113,皮
114,殷
115,洞
116,渴
117,这
118,箬
119,滟
120,索
121,荠
122,勿
123,苗
124,靓
125,杰
126,宦
127,昏
128,姿
129,渡
130,犬
131,涎
132,柝
133,热
134,别
135,暇
136,徊
137,溶
138,醺
139,铺
140,篝
141,茂
142,邺
143,至
144,荡
145,竟
146,著
147,哭
148,猊
149,星
150,6
151,重
152,蒲
153,》
154,前
155,檄
156,慰
157,疾
158,弦
159,惆
160,“
161,诗
162,痕
163,拚
164,鹰
165,姊
166,缥
167,味
168,涯
169,留
170,浊
171,催
172,籁
173,洄
174,跻
175,照
176,晴
177,衷
178,奏
179,霭
180,相
181,藤
182,邃
183,户
184,撒
185,帷
186,宿
187,退
188,旁
189,鸥
190,穿
191,哢
192,趴
193,当
194,葑
195,剪
196,悭
197,墙
198,歌
199,髻
200,他
201,今
202,炉
203,柯
204,-
205,僵
206,斟
207,黛
208,选
209,说
210,壑
211,才
212,遗
213,坞
214,否
215,樯
216,逛
217,敞
218,尊
219,灌
220,庆
221,羡
222,瞰
223,甃
224,拄
225,翘
226,撼
227,池
228,杵
229,供
230,涕
231,广
232,搔
233,刚
234,乔
235,鹭
236,导
237,掷
238,沈
239,牧
240,咸
241,揽
242,肚
243,憩
244,撩
245,湖
246,镜
247,乳
248,辉
249,书
250,象
251,容
252,求
253,歉
254,蛄
255,谙
256,论
257,字
258,备
259,凉
260,汽
261,呐
262,羊
263,睡
264,景
265,岁
266,沧
267,医
268,猩
269,鍪
270,双
271,滁
272,纨
273,晖
274,打
275,盈
276,拆
277,！
278,向
279,吸
280,养
281,瑟
282,侧
283,壶
284,输
285,眠
286,腾
287,宁
288,涣
289,啾
290,兵
291,黄
292,雁
293,荆
294,谓
295,珰
296,蜀
297,笠
298,伸
299,笛
300,冰
301,辩
302,破
303,交
304,嶂
305,酌
306,学
307,妍
308,呀
309,亏
310,尾
311,观
312,置
313,父
314,棍
315,4
316,杀
317,愔
318,停
319,筋
320,朦
321,炯
322,习
323,段
324,陌
325,陇
326,所
327,铁
328,见
329,慑
330,浔
331,私
332,诊
333,赐
334,炮
335,好
336,琶
337,1
338,祠
339,胎
340,阁
341,毅
342,瑶
343,笔
344,；
345,缜
346,吾
347,偶
348,啦
349,伤
350,幼
351,嘉
352,呢
353,骄
354,威
355,印
356,平
357,就
358,暗
359,堡
360,左
361,蹄
362,们
363,蚪
364,芝
365,吴
366,衾
367,意
368,唳
369,雳
370,刀
371,梧
372,羽
373,过
374,盟
375,正
376,带
377,抹
378,员
379,再
380,吐
381,演
382,莎
383,忍
384,厦
385,修
386,目
387,翚
388,瘢
389,韭
390,球
391,浑
392,坡
393,阔
394,趁
395,恼
396,怯
397,折
398,秀
399,玫
400,迎
401,灰
402,贯
403,冯
404,沉
405,两
406,莱
407,弊
408,洲
409,秦
410,未
411,筒
412,跃
413,艳
414,汀
415,细
416,鼓
417,蓝
418,雕
419,到
420,摸
421,府
422,桌
423,舰
424,从
425,跨
426,辰
427,开
428,识
429,岛
430,娄
431,具
432,哪
433,咕
434,梗
435,石
436,杯
437,济
438,茸
439,嘶
440,肃
441,口
442,简
443,鼠
444,砌
445,驿
446,咱
447,擎
448,整
449,镇
450,耻
451,历
452,郭
453,岐
454,飕
455,胥
456,帘
457,授
458,湔
459,夔
460,动
461,金
462,功
463,劳
464,皋
465,真
466,遣
467,襟
468,罐
469,哈
470,刘
471,凝
472,舆
473,兄
474,后
475,仿
476,苏
477,髓
478,嗓
479,浮
480,康
481,逦
482,，
483,饷
484,栖
485,闻
486,单
487,店
488,遇
489,""""
490,峙
491,眄
492,琐
493,胆
494,辋
495,剗
496,点
497,浣
498,淘
499,吕
500,种
501,翔
502,州
503,燥
504,片
505,仗
506,生
507,兴
508,盼
509,少
510,培
511,身
512,背
513,我
514,泽
515,斗
516,摇
517,磐
518,袖
519,戎
520,逢
521,圈
522,寇
523,失
524,键
525,昭
526,量
527,敢
528,如
529,顿
530,依
531,珍
532,庚
533,昨
534,龄
535,该
536,觞
537,织
538,阅
539,黍
540,蕙
541,空
542,练
543,蹴
544,油
545,灿
546,斋
547,大
548,工
549,敛
550,狈
551,勤
552,害
553,溆
554,愿
555,氏
556,轻
557,喈
558,拼
559,嘹
560,并
561,潮
562,篠
563,懂
564,板
565,偎
566,卧
567,载
568,香
569,螳
570,冷
571,棠
572,瘸
573,5
574,挑
575,蚂
576,脂
577,凭
578,瓦
579,料
580,匹
581,君
582,念
583,高
584,鲤
585,树
586,皱
587,做
588,烦
589,琉
590,逐
591,于
592,贺
593,须
594,坳
595,亦
596,三
597,只
598,主
599,舟
600,腻
601,钻
602,及
603,形
604,控
605,半
606,蹦
607,积
608,凄
609,劲
610,蕖
611,任
612,丫
613,堵
614,愁
615,憾
616,尺
617,驱
618,姜
619,郎
620,帽
621,粮
622,肌
623,菱
624,唯
625,蓬
626,晤
627,祖
628,洒
629,静
630,檥
631,毡
632,豪
633,吼
634,峰
635,醒
636,升
637,犯
638,品
639,伍
640,仲
641,洛
642,陪
643,健
644,滚
645,阆
646,渊
647,呆
648,围
649,已
650,约
651,甜
652,沟
653,旦
654,央
655,碾
656,昌
657,怎
658,软
659,触
660,访
661,卖
662,…
663,舴
664,陆
665,吹
666,徒
667,协
668,洗
669,繁
670,弃
671,倍
672,季
673,揭
674,懒
675,居
676,朱
677,厉
678,「
679,窝
680,庭
681,标
682,土
683,靥
684,磁
685,番
686,肝
687,幻
688,恁
689,秘
690,室
691,算
692,队
693,转
694,邦
695,可
696,乱
697,嗟
698,澶
699,赋
700,展
701,匆
702,徹
703,笳
704,追
705,聚
706,旆
707,座
708,楼
709,鹦
710,窄
711,溜
712,它
713,乘
714,原
715,虫
716,赵
717,尔
718,雨
719,姝
720,傲
721,被
722,概
723,隙
724,魂
725,惬
726,乌
727,鹤
728,夸
729,滨
730,系
731,画
732,裂
733,渍
734,踪
735,宵
736,绕
737,芷
738,翩
739,舸
740,雪
741,早
742,菊
743,禁
744,袁
745,碣
746,涴
747,缩
748,流
749,七
750,言
751,鸣
752,戟
753,英
754,寂
755,乡
756,扬
757,豆
758,柑
759,喜
760,策
761,听
762,圆
763,沿
764,梯
765,案
766,紫
767,铃
768,务
769,诸
770,梁
771,缧
772,酸
773,八
774,琵
775,暾
776,燃
777,袜
778,官
779,缲
780,阗
781,帐
782,鬓
783,响
784,醪
785,宛
786,巴
787,寞
788,骊
789,昼
790,哥
791,下
792,托
793,迥
794,旷
795,宠
796,专
797,涧
798,浥
799,摧
800,螺
801,蛛
802,衣
803,贫
804,蛩
805,暝
806,绾
807,蓦
808,管
809,郴
810,踏
811,筠
812,由
813,解
814,谷
815,盏
816,众
817,栏
818,释
819,罂
820,狗
821,柜
822,姚
823,梅
824,汗
825,愈
826,婉
827,塑
828,辛
829,槲
830,累
831,贳
832,现
833,隆
834,减
835,眦
836,浓
837,神
838,固
839,·
840,二
841,弱
842,鸯
843,逊
844,矣
845,拢
846,扑
847,调
848,逞
849,强
850,>
851,予
852,男
853,淌
854,绳
855,月
856,枫
857,津
858,拾
859,服
860,箔
861,图
862,低
863,号
864,夹
865,闪
866,瀛
867,友
868,舍
869,檀
870,褪
871,牙
872,皆
873,浇
874,列
875,昔
876,穴
877,葱
878,嫁
879,胸
880,朋
881,闲
882,建
883,奶
884,太
885,襄
886,霹
887,茶
888,厚
889,玩
890,鹅
891,率
892,桶
893,征
894,尝
895,妇
896,帏
897,期
898,雷
899,查
900,豳
901,矶
902,悲
903,侯
904,探
905,誓
906,呵
907,揾
908,屏
909,籍
910,环
911,纵
912,必
913,孺
914,评
915,请
916,易
917,抚
918,藕
919,页
920,起
921,孔
922,殢
923,节
924,樽
925,郊
926,霎
927,填
928,眼
929,息
930,笙
931,逃
932,蝶
933,田
934,遮
935,拨
936,叔
937,框
938,樵
939,题
940,贼
941,漉
942,疑
943,唾
944,蜂
945,林
946,名
947,龙
948,霸
949,螟
950,温
951,熊
952,赔
953,发
954,囗
955,障
956,晨
957,禄
958,晃
959,慢
960,在
961,曾
962,噪
963,峥
964,炬
965,忺
966,想
967,泮
968,蝴
969,脍
970,糕
971,薰
972,业
973,拜
974,彭
975,缘
976,麾
977,存
978,匿
979,俎
980,棋
981,翁
982,嗬
983,藻
984,事
985,烂
986,召
987,吉
988,凌
989,嘴
990,以
991,独
992,翼
993,惨
994,虽
995,最
996,闷
997,篆
998,蜡
999,湿
1000,禹
1001,芽
1002,渌
1003,便
1004,邻
1005,突
1006,箫
1007,彩
1008,砸
1009,孙
1010,蘅
1011,焦
1012,抡
1013,舷
1014,脉
1015,虏
1016,引
1017,簌
1018,缸
1019,悠
1020,榼
1021,巷
1022,祓
1023,餐
1024,让
1025,尚
1026,陈
1027,鲛
1028,尽
1029,货
1030,美
1031,色
1032,凋
1033,甚
1034,邴
1035,领
1036,薄
1037,循
1038,戍
1039,桐
1040,颇
1041,崖
1042,凫
1043,羁
1044,卫
1045,聪
1046,昂
1047,牵
1048,躲
1049,韩
1050,得
1051,错
1052,爱
1053,忠
1054,涘
1055,灭
1056,圃
1057,腿
1058,蜩
1059,湾
1060,讳
1061,国
1062,蘼
1063,试
1064,犀
1065,级
1066,枕
1067,鸿
1068,刺
1069,摘
1070,碰
1071,称
1072,逑
1073,顺
1074,税
1075,辆
1076,跟
1077,璋
1078,窥
1079,尧
1080,俟
1081,句
1082,价
1083,辔
1084,迁
1085,拥
1086,洁
1087,抱
1088,稍
1089,磬
1090,洙
1091,悴
1092,驻
1093,臞
1094,旋
1095,招
1096,碧
1097,很
1098,袅
1099,寝
1100,略
1101,夫
1102,骥
1103,附
1104,孤
1105,瞧
1106,甲
1107,萤
1108,绊
1109,耕
1110,连
1111,帮
1112,侵
1113,常
1114,几
1115,农
1116,沙
1117,宸
1118,消
1119,进
1120,杳
1121,谁
1122,齐
1123,派
1124,每
1125,株
1126,告
1127,郁
1128,即
1129,故
1130,犊
1131,亥
1132,文
1133,敬
1134,　
1135,村
1136,抗
1137,武
1138,没
1139,恰
1140,雀
1141,房
1142,稳
1143,峭
1144,脱
1145,写
1146,缟
1147,惟
1148,吭
1149,8
1150,搅
1151,敌
1152,挂
1153,席
1154,饥
1155,陵
1156,窕
1157,的
1158,夜
1159,岂
1160,童
1161,般
1162,2
1163,拣
1164,霜
1165,捡
1166,砧
1167,她
1168,洋
1169,笼
1170,酣
1171,伫
1172,淹
1173,搓
1174,嗣
1175,叙
1176,砖
1177,滑
1178,愧
1179,课
1180,玉
1181,商
1182,角
1183,【
1184,啊
1185,井
1186,咄
1187,延
1188,克
1189,人
1190,烬
1191,阖
1192,群
1193,厌
1194,问
1195,叠
1196,礼
1197,媪
1198,费
1199,剥
1200,寸
1201,混
1202,狂
1203,条
1204,宣
1205,怜
1206,谱
1207,涨
1208,辞
1209,朝
1210,纱
1211,勋
1212,桢
1213,翻
1214,菰
1215,针
1216,锁
1217,等
1218,徂
1219,敝
1220,芹
1221,此
1222,暄
1223,轼
1224,丢
1225,沸
1226,.
1227,造
1228,酒
1229,谈
1230,包
1231,尤
1232,竞
1233,股
1234,雎
1235,廓
1236,肢
1237,用
1238,裁
1239,拿
1240,语
1241,铮
1242,雾
1243,络
1244,凰
1245,狸
1246,幢
1247,兰
1248,牥
1249,始
1250,刻
1251,涌
1252,委
1253,闺
1254,阻
1255,为
1256,爬
1257,床
1258,宾
1259,怕
1260,登
1261,剩
1262,负
1263,缀
1264,烽
1265,岩
1266,日
1267,着
1268,豚
1269,纾
1270,澈
1271,和
1272,参
1273,衔
1274,答
1275,姬
1276,耐
1277,布
1278,束
1279,李
1280,藏
1281,怡
1282,唤
1283,薇
1284,其
1285,斤
1286,争
1287,庵
1288,睐
1289,颜
1290,抓
1291,踩
1292,侄
1293,院
1294,咽
1295,陡
1296,行
1297,勒
1298,船
1299,蒙
1300,宇
1301,澧
1302,萦
1303,蓄
1304,寐
1305,溯
1306,鸟
1307,笮
1308,危
1309,狼
1310,旗
1311,曙
1312,阕
1313,泻
1314,蛇
1315,娩
1316,寻
1317,妒
1318,臻
1319,吟
1320,娘
1321,里
1322,瞋
1323,狭
1324,理
1325,幌
1326,衫
1327,玲
1328,览
1329,奢
1330,哐
1331,沼
1332,浴
1333,捧
1334,猴
1335,皇
1336,微
1337,丹
1338,蘑
1339,先
1340,哉
1341,朽
1342,囊
1343,博
1344,勇
1345,《
1346,嫌
1347,差
1348,璧
1349,槐
1350,猬
1351,冠
1352,幅
1353,溅
1354,弟
1355,佩
1356,祥
1357,翠
1358,法
1359,曲
1360,赶
1361,绿
1362,钉
1363,飔
1364,痴
1365,台
1366,垂
1367,端
1368,随
1369,喧
1370,偏
1371,莫
1372,枥
1373,歧
1374,多
1375,青
1376,毕
1377,春
1378,瘗
1379,词
1380,者
1381,怀
1382,骝
1383,祁
1384,封
1385,峨
1386,丽
1387,叟
1388,比
1389,轩
1390,信
1391,兜
1392,云
1393,膺
1394,内
1395,苑
1396,奁
1397,去
1398,谢
1399,殿
1400,爷
1401,谋
1402,～
1403,古
1404,跳
1405,轧
1406,心
1407,蒹
1408,觉
1409,杜
1410,湄
1411,但
1412,咏
1413,千
1414,匀
1415,鹊
1416,睛
1417,鞍
1418,银
1419,朴
1420,制
1421,雯
1422,苒
1423,岭
1424,昵
1425,送
1426,携
1427,峡
1428,婵
1429,殊
1430,藓
1431,胡
1432,捷
1433,笑
1434,闯
1435,崔
1436,步
1437,胜
1438,另
1439,护
1440,荚
1441,妪
1442,樱
1443,烧
1444,耸
1445,堂
1446,记
1447,坑
1448,荇
1449,咚
1450,排
1451,补
1452,马
1453,珠
1454,）
1455,音
1456,集
1457,罥
1458,杨
1459,芍
1460,猫
1461,矗
1462,非
1463,扇
1464,篇
1465,癞
1466,枳
1467,避
1468,馀
1469,隐
1470,仙
1471,浸
1472,喇
1473,本
1474,德
1475,荐
1476,芳
1477,徐
1478,柳
1479,合
1480,那
1481,傍
1482,琮
1483,间
1484,骑
1485,极
1486,绮
1487,哽
1488,仁
1489,越
1490,曳
1491,菇
1492,娑
1493,枯
1494,杏
1495,哟
1496,无
1497,娃
1498,佳
1499,怅
1500,堪
1501,岳
1502,豌
1503,融
1504,晏
1505,巡
1506,役
1507,娥
1508,泉
1509,阿
1510,颦
1511,吁
1512,菽
1513,岱
1514,炊
1515,次
1516,紧
1517,蕊
1518,零
1519,待
1520,攀
1521,唱
1522,师
1523,老
1524,均
1525,陂
1526,挨
1527,犹
1528,珑
1529,」
1530,年
1531,腰
1532,皓
1533,瘴
1534,篁
1535,蚁
1536,蹑
1537,挤
1538,渔
1539,潼
1540,秾
1541,鹧
1542,蘸
1543,借
1544,邈
1545,斑
1546,假
1547,铜
1548,视
1549,掠
1550,螣
1551,霍
1552,啭
1553,筝
1554,飞
1555,桔
1556,深
1557,签
1558,瑞
1559,滋
1560,桑
1561,烈
1562,精
1563,菲
1564,桓
1565,掩
1566,个
1567,3
1568,攲
1569,篱
1570,暑
1571,悰
1572,洪
1573,入
1574,倦
1575,末
1576,俱
1577,贤
1578,（
1579,渝
1580,娱
1581,躇
1582,丈
1583,骡
1584,殆
1585,河
1586,张
1587,婆
1588,休
1589,夏
1590,堕
1591,滉
1592,样
1593,宅
1594,迅
1595,希
1596,宽
1597,艾
1598,厢
1599,蘋
1600,遏
1601,且
1602,妨
1603,穗
1604,萍
1605,墨
1606,鞋
1607,话
1608,警
1609,攻
1610,逸
1611,寤
1612,浅
1613,纷
1614,浪
1615,•
1616,闹
1617,瓜
1618,扶
1619,钿
1620,屋
1621,桥
1622,明
1623,史
1624,侣
1625,跋
1626,霄
1627,世
1628,损
1629,咪
1630,彻
1631,绡
1632,仓
1633,芭
1634,猜
1635,楚
1636,彀
1637,迈
1638,贝
1639,翟
1640,若
1641,漂
1642,滥
1643,鉴
1644,莓
1645,妈
1646,宫
1647,漫
1648,初
1649,卿
1650,掌
1651,扔
1652,僧
1653,渭
1654,祝
1655,枣
1656,卡
1657,绵
1658,旧
1659,仍
1660,艰
1661,治
1662,苍
1663,执
1664,绛
1665,施
1666,物
1667,污
1668,妹
1669,放
1670,瑰
1671,衬
1672,促
1673,奈
1674,暴
1675,铎
1676,蔡
1677,果
1678,噜
1679,裳
1680,终
1681,首
1682,猛
1683,客
1684,罗
1685,脚
1686,阮
1687,。
1688,密
1689,晞
1690,然
1691,满
1692,预
1693,惜
1694,伊
1695,蠹
1696,适
1697,溪
1698,簪
1699,据
1700,返
1701,酥
1702,而
1703,澌
1704,吓
1705,熏
1706,却
1707,账
1708,落
1709,弯
1710,帆
1711,姓
1712,地
1713,面
1714,赏
1715,汝
1716,搬
1717,荣
1718,後
1719,忘
1720,同
1721,递
1722,猪
1723,住
1724,途
1725,瘦
1726,驼
1727,蝈
1728,潇
1729,液
1730,要
1731,营
1732,贬
1733,与
1734,灵
1735,盘
1736,俄
1737,位
1738,死
1739,荒
1740,渠
1741,阳
1742,废
1743,代
1744,蟆
1745,绀
1746,丰
1747,廊
1748,余
1749,觑
1750,快
1751,呼
1752,陶
1753,虹
1754,层
1755,俞
1756,亲
1757,芟
1758,斜
1759,蕉
1760,螂
1761,忙
1762,阵
1763,叹
1764,箸
1765,甘
1766,付
1767,诵
1768,鬟
1769,菜
1770,怆
1771,家
1772,钟
1773,桨
1774,淮
1775,晓
1776,稀
1777,迟
1778,啼
1779,舞
1780,怪
1781,囱
1782,欺
1783,澜
1784,鴂
1785,袍
1786,惭
1787,采
1788,媒
1789,浩
1790,贪
1791,潘
1792,湘
1793,浆
1794,膀
1795,吊
1796,激
1797,兀
1798,狎
1799,孟
1800,透
1801,箭
1802,轰
1803,尘
1804,篙
1805,按
1806,聊
1807,际
1808,什
1809,设
1810,莽
1811,还
1812,晕
1813,韶
1814,干
1815,鳺
1816,拱
1817,槿
1818,菖
1819,拔
1820,棹
1821,鸠
1822,添
1823,哀
1824,川
1825,冶
1826,芼
1827,民
1828,榆
1829,侍
1830,食
1831,续
1832,徙
1833,衰
1834,鹃
1835,怒
1836,铿
1837,渺
1838,铭
1839,阑
1840,丘
1841,莲
1842,港
1843,除
1844,耍
1845,散
1846,巢
1847,又
1848,舣
1849,潭
1850,拈
1851,组
1852,辇
1853,源
1854,窗
1855,茵
1856,弄
1857,买
1858,妙
1859,寺
1860,复
1861,峤
1862,膻
1863,止
1864,嫣
1865,垅
1866,西
1867,黯
1868,不
1869,empty
1870,堆
1871,秉
1872,箪
1873,塔
1874,怨
1875,山
1876,更
1877,块
1878,泗
1879,叶
1880,境
1881,衮
1882,艺
1883,绪
1884,鄜
1885,夭
1886,唢
1887,望
1888,决
1889,迷
1890,、
1891,茫
1892,努
1893,侈
1894,叫
1895,虞
1896,俊
1897,狠
1898,熹
1899,疏
1900,蝌
1901,廷
1902,掏
1903,鸦
1904,晋
1905,因
1906,庙
1907,道
1908,魄
1909,露
1910,柏
1911,缺
1912,园
1913,赠
1914,忧
1915,裤
1916,永
1917,军
1918,馐
1919,占
1920,鲈
1921, 
1922,鲁
1923,瀚
1924,茱
1925,琴
1926,酺
1927,中
1928,寓
1929,裙
1930,葩
1931,义
1932,脸
1933,孝
1934,短
1935,辕
1936,姑
1937,草
1938,宜
1939,釭
1940,忆
1941,枉
1942,】
1943,松
1944,示
1945,禽
1946,戚
1947,葵
1948,周
1949,也
1950,钓
1951,持
1952,穷
1953,献
1954,屡
1955,憔
1956,槎
1957,经
1958,靖
1959,染
1960,汪
1961,帕
1962,迤
1963,场
1964,珊
1965,泣
1966,帙
1967,边
1968,霁
1969,倚
1970,午
1971,恍
1972,海
1973,检
1974,挺
1975,拉
1976,描
1977,胧
1978,盎
1979,候
1980,情
1981,龟
1982,木
1983,确
1984,顶
1985,处
1986,阊
1987,款
1988,劝
1989,恣
1990,盗
1991,宗
1992,蔻
1993,幺
1994,邸
1995,举
1996,燧
1997,艋
1998,肖
1999,感
2000,成
2001,鸳
2002,患
2003,虚
2004,误
2005,霖
2006,拐
2007,横
2008,粘
2009,砑
2010,冲
2011,翅
2012,判
2013,兔
2014,反
2015,光
2016,清
2017,泥
2018,赚
2019,猎
2020,何
2021,顾
2022,沂
2023,莼
2024,弈
2025,小
2026,作
2027,惊
2028,绩
2029,潺
2030,割
2031,欧
2032,蜕
2033,卜
2034,澡
2035,右
2036,岸
2037,丧
2038,是
2039,绍
2040,裘
2041,粉
2042,既
2043,扁
2044,黑
2045,报
2046,炙
2047,蹙
2048,戈
2049,含
2050,倾
2051,议
2052,筵
2053,盔
2054,久
2055,萼
2056,碍
2057,拟
2058,上
2059,守
2060,娇
2061,抽
2062,袋
2063,纡
2064,总
2065,朔
2066,净
2067,度
2068,畤
2069,吗
2070,儿
2071,喘
2072,呈
2073,机
2074,酬
2075,榔
2076,残
2077,辨
2078,邮
2079,骨
2080,福
2081,公
2082,外
2083,媚
2084,倖
2085,躺
2086,甫
2087,赢
2088,跑
2089,规
2090,指
2091,柴
2092,榭
2093,绝
2094,恋
2095,烟
2096,刈
2097,鹿
2098,旅
2099,手
2100,沽
2101,锦
2102,壅
2103,伴
2104,临
2105,车
2106,芒
2107,冉
2108,爸
2109,皎
2110,谴
2111,六
2112,履
2113,漾
2114,枝
2115,貌
2116,璐
2117,禾
2118,宝
2119,紞
2120,;
2121,丛
2122,丞
2123,剔
2124,奴
2125,衩
2126,拂
2127,阙
2128,火
2129,往
2130,射
2131,吧
2132,蝉
2133,鲜
2134,驾
2135,窈
2136,辽
2137,颠
2138,看
2139,叩
2140,直
2141,妩
2142,唐
2143,韦
2144,妆
2145,幽
2146,莺
2147,困
2148,骚
2149,丁
2150,百
2151,庄
2152,慵
2153,仔
2154,传
2155,律
2156,徘
2157,饭
2158,鹜
2159,嫩
2160,辗
2161,森
2162,稚
2163,嘭
2164,之
2165,足
2166,汉
2167,涛
2168,卢
2169,电
2170,程
2171,伶
2172,团
2173,锄
2174,靸
2175,墅
2176,淞
2177,离
2178,耳
2179,飘
2180,璃
2181,臂
2182,京
2183,体
2184,惹
2185,根
2186,萨
2187,湛
2188,羞
2189,抵
2190,噎
2191,航
2192,奇
2193,讲
2194,苔
2195,庐
2196,廉
2197,弓
2198,接
2199,令
2200,教
2201,雌
2202,方
2203,肠
2204,一
2205,界
2206,频
2207,气
2208,忽
2209,寥
2210,贾
2211,险
2212,钩
2213,杼
2214,白
2215,红
2216,质
2217,十
2218,'
2219,抑
2220,絮
2221,表
2222,烛
2223,塘
2224,改
2225,歇
2226,卷
2227,冬
2228,蔷
2229,校
2230,壁
2231,侠
2232,锡
2233,”
2234,鸪
2235,谣
2236,贴
2237,弹
2238,槛
2239,桃
2240,站
2241,顷
2242,庾
2243,销
2244,腕
2245,通
2246,遥
2247,幄
2248,韵
2249,寿
2250,妾
2251,将
2252,朓
2253,夕
2254,纸
2255,缚
2256,九
2257,葭
2258,寒
2259,逝
2260,眸
2261,罢
2262,注
2263,暂
2264,模
2265,麻
2266,风
2267,鸡
2268,煜
2269,腔
2270,兽
2271,霏
2272,茜
2273,焜
2274,伏
2275,桂
2276,肩
2277,宴
2278,秋
2279,脑
2280,泄
2281,娟
2282,抟
2283,己
2284,燕
2285,桡
2286,冻
2287,7
2288,颢
2289,艇
2290,局
2291,婷
2292,倒
2293,芦
2294,嬉
2295,鳞
2296,完
2297,灯
2298,畏
2299,熟
2300,湲
2301,呜
2302,梭
2303,拍
2304,毛
2305,筐
2306,长
2307,筹
2308,逾
2309,头
2310,埋
2311,掣
2312,逡
2313,楫
2314,研
2315,塞
2316,抛
2317,琤
2318,违
2319,漠
2320,杂
2321,雄
2322,萄
2323,泪
2324,蒋
2325,似
2326,司
2327,唉
2328,鼎
2329,饮
2330,难
2331,盖
2332,遨
2333,波
2334,捞
2335,变
2336,哨
2337,嚲
2338,志
2339,坻
2340,匝
2341,挽
2342,来
2343,麝
2344,驰
2345,性
2346,亭
2347,蛋
2348,啸
2349,叭
2350,路
2351,区
2352,淡
2353,齿
2354,泛
2355,罹
2356,限
2357,茅
2358,冈
2359,坐
2360,士
2361,属
2362,替
2363,册
2364,暮
2365,挖
2366,妖
2367,鹉
2368,悬
2369,扣
2370,母
2371,察
2372,会
2373,饶
2374,了
2375,沚
2376,智
2377,觅
2378,曹
2379,悔
2380,：
2381,映
2382,新
2383,肯
2384,立
2385,骏
2386,谩
2387,荷
2388,挥
2389,戴
2390,你
2391,四
2392,详
2393,鹢
2394,捉
2395,像
2396,睫
2397,骤
2398,溢
2399,尿
2400,倅
2401,虎
2402,乐
2403,闭
2404,箱
2405,药
2406,达
2407,天
2408,澄
2409,峦
2410,晚
2411,踌
2412,盛
2413,檠
2414,有
2415,恩
2416,丑
2417,晁
2418,哼
2419,蹊
2420,梢
2421,省
2422,鞭
2423,苦
2424,蓑
2425,回
2426,近
2427,万
2428,鳄
2429,欲
2430,壮
2431,吏
2432,竦
2433,栊
2434,啄
2435,匈
2436,部
2437,浦
2438,免
2439,檐
2440,鄞
2441,岑
2442,柱
2443,萋
2444,潜
2445,恻
2446,蚕
2447,编
2448,梨
2449,悄
2450,汴
2451,东
2452,醉
2453,恨
2454,屈
2455,充
2456,倩
2457,活
2458,臣
2459,数
2460,询
2461,提
2462,定
2463,鸾
2464,辅
2465,利
2466,眉
2467,伽
2468,巫
2469,城
2470,腥
2471,勃
2472,蛙
2473,鼻
2474,各
2475,肥
2476,挹
2477,分
2478,推
2479,澹
2480,计
2481,女
2482,纹
2483,奉
2484,丙
2485,肉
2486,坠
2487,序
2488,声
2489,迹
2490,赤
2491,鱼
2492,饯
2493,急
2494,．
2495,寄
2496,命
2497,巧
2498,知
2499,扉
2500,敲
2501,骖
2502,共
2503,厅
2504,遭
2505,堤
2506,巾
2507,斧
2508,缕
2509,华
2510,葡
2511,竿
2512,元
2513,给
2514,嵘
2515,蛮
2516,纤
2517,鞯
2518,麦
2519,自
2520,筑
2521,畔
2522,章
2523,尖
2524,瓶
2525,迢
2526,吃
2527,网
2528,貂
2529,悦
2530,彦
2531,羌
2532,馆
2533,淳
2534,关
2535,娉
2536,承
2537,柔
2538,袂
2539,类
2540,凤
2541,战
2542,渚
2543,受
2544,梦
2545,走
2546,加
2547,舒
2548,罩
2549,五
2550,败
2551,力
2552,些
2553,育
2554,格
2555,厨
2556,捻
2557,灼
2558,辱
2559,剧
2560,衡
2561,思
2562,幡
2563,脆
2564,铅
2565,佶
2566,钱
2567,饧
2568,旌
2569,阶
2570,楂
2571,翎
2572,宋
2573,许
2574,吞
2575,糁
2576,惠
2577,拘
2578,砚
2579,涵
2580,扫
2581,鼹
2582,江
2583,戏
2584,炎
2585,煤
2586,簇
2587,灺
2588,蟠
2589,欢
2590,拦
2591,帖
2592,赴
2593,压
2594,坏
2595,傅
2596,滴
2597,润
2598,操
2599,傻
2600,惯
2601,乍
2602,滩
2603,荏
2604,蟾
2605,市
2606,孩
2607,异
2608,蹲
2609,妓
2610,汛
2611,秽
2612,勺
2613,渐
2614,兼
2615,荀
2616,亩
2617,素
2618,么
2619,佛
2620,鶗
2621,漆
2622,遍
2623,器
2624,亮
2625,使
2626,况
2627,廖
2628,龚
2629,底
2630,线
2631,偷
2632,把
2633,蛾
2634,芜
2635,病
2636,垓
2637,轴
2638,严
2639,腊
2640,对
2641,愤
2642,鸭
2643,轮
2644,？
2645,北
2646,伯
2647,砰
2648,则
2649,能
2650,霞
2651,牛
2652,蒸
2653,移
2654,亸
2655,隔
2656,楸
2657,血
2658,时
2659,究
2660,维
2661,远
2662,淑
2663,王
2664,阴
2665,漏
2666,御
2667,全
2668,锓
2669,范
2670,翰
2671,擘
2672,实
2673,出
2674,剑
2675,亡
2676,绣
2677,覆
2678,屐
2679,准
